{"cameraMode":{"drawMode":0,"name":"Shaded","section":"Shading Mode"},"sceneLighting":true,"audioPlay":false,"sceneViewState":{"m_AlwaysRefresh":false,"showFog":true,"showSkybox":true,"showFlares":true,"showImageEffects":true,"showParticleSystems":true,"showVisualEffectGraphs":true,"m_FxEnabled":true},"in2DMode":false,"pivot":{"x":20.895557403564454,"y":-0.8059005737304688,"z":3.985269546508789},"rotation":{"x":0.4350660741329193,"y":0.19007079303264619,"z":-0.09450392425060272,"w":0.8750233054161072},"size":23.422876358032228,"orthographic":false}